Judger,Narrator,Model,Knowledge Accuracy,Emotional Expression,Personality Traits,Behavioral Accuracy,Immersion,Adaptability,Behavioral Coherence,Average
azure_GPT-4-Turbo,azure_gpt-35-turbo,Baichuan2-13B-Chat,3.1956380208333335,3.0739293981481484,3.0040147569444446,3.140118634259259,3.166377314814815,3.1481481481481484,2.9772497106481484,3.100782283399471
azure_GPT-4-Turbo,azure_gpt-35-turbo,Baichuan2-7B-Chat,3.272036345108696,3.193953804347826,3.042119565217391,3.216924252717391,3.1886888586956523,3.1101392663043477,3.1367612092391304,3.1658033288043477
azure_GPT-4-Turbo,azure_gpt-35-turbo,Meta-Llama-3-8B-Instruct,3.3413628472222223,3.2611762152777777,3.1234809027777777,3.3030598958333335,3.326388888888889,3.178493923611111,3.1280381944444446,3.2374286954365084
azure_GPT-4-Turbo,azure_gpt-35-turbo,Mistral-7B-Instruct-v0.2,3.3818359375,3.2265625,3.08349609375,3.4736328125,3.123046875,3.3447265625,3.009765625,3.2347237723214284
azure_GPT-4-Turbo,azure_gpt-35-turbo,Qwen1.5-14B-Chat,3.3281901041666666,3.188736979166667,3.0664930555555556,3.250716145833333,3.2153862847222223,3.135763888888889,3.158441840277778,3.191961185515873
azure_GPT-4-Turbo,azure_gpt-35-turbo,Qwen1.5-7B-Chat,3.1756417410714284,3.2009725765306123,3.141083386479592,3.2004344706632653,3.160056600765306,3.1598971619897958,3.093769929846939,3.161693695335277
azure_GPT-4-Turbo,azure_gpt-35-turbo,azure_GPT-4-Turbo,3.1638432716836733,3.149234693877551,3.0502232142857144,3.1682876275510203,3.1032565369897958,3.091278698979592,2.9841358418367347,3.101465697886298
azure_GPT-4-Turbo,azure_gpt-35-turbo,azure_gpt-35-turbo,3.234423828125,3.16416015625,3.037125651041667,3.233349609375,3.190185546875,3.1525065104166665,3.1142578125,3.160858444940476
