Judger,Narrator,Model,Knowledge Accuracy,Emotional Expression,Personality Traits,Behavioral Accuracy,Immersion,Adaptability,Behavioral Coherence,Average
azure_GPT-4-Turbo,azure_gpt-35-turbo,Baichuan2-13B-Chat,3.4294990405701755,3.324390076754386,3.2775664747807016,3.3814761513157894,3.40808319627193,3.3826754385964914,3.2442948190789473,3.3497121710526314
azure_GPT-4-Turbo,azure_gpt-35-turbo,Baichuan2-7B-Chat,3.3970668859649122,3.334532620614035,3.2940138432017543,3.420915570175439,3.4279399671052633,3.3318256578947367,3.2997018914473686,3.357999490914787
azure_GPT-4-Turbo,azure_gpt-35-turbo,Meta-Llama-3-8B-Instruct,3.4148046875,3.6424609375,3.506796875,3.45359375,3.5499609375,3.595546875,3.33171875,3.4992689732142854
azure_GPT-4-Turbo,azure_gpt-35-turbo,Mistral-7B-Instruct-v0.2,3.4040407274590163,3.3984855276639343,3.3273565573770494,3.4530769723360657,3.4491066854508197,3.376280737704918,3.2626793032786887,3.381575215895784
azure_GPT-4-Turbo,azure_gpt-35-turbo,Phi-3-mini-128k-instruct,3.3088882688492065,3.1986452132936507,3.225647941468254,3.2982235863095237,3.3094308035714284,3.2398003472222223,3.1550099206349205,3.247949440192744
azure_GPT-4-Turbo,azure_gpt-35-turbo,Qwen1.5-14B-Chat,3.4250682043650795,3.3802548363095237,3.318204365079365,3.4718191964285716,3.4291139632936507,3.470920138888889,3.339719742063492,3.4050143494897958
azure_GPT-4-Turbo,azure_gpt-35-turbo,Qwen1.5-7B-Chat,3.3236452132936507,3.2694537450396823,3.2652994791666665,3.3122984871031744,3.3298146081349205,3.309787326388889,3.2425750248015874,3.293267697704082
azure_GPT-4-Turbo,azure_gpt-35-turbo,azure_GPT-4-Turbo,3.2796843998015874,3.260928199404762,3.2330109126984126,3.3043154761904763,3.3638237847222223,3.3150886656746033,3.2061631944444446,3.280430661848073
azure_GPT-4-Turbo,azure_gpt-35-turbo,azure_gpt-35-turbo,3.3560112847222223,3.2085348462301586,3.211216517857143,3.272646949404762,3.3187003968253967,3.273406498015873,3.2006293402777777,3.263020833333333
