{"train/loss": 2.1519, "train/grad_norm": 4.177556500479682, "train/learning_rate": 4.7832583577372966e-08, "train/epoch": 2.99, "train/global_step": 477, "_timestamp": 1712766700.885655, "_runtime": 1460.8088870048523, "_step": 52, "eval/loss": 2.429579496383667, "eval/runtime": 15.9643, "eval/samples_per_second": 4.447, "eval/steps_per_second": 2.255, "train_runtime": 1442.2597, "train_samples_per_second": 1.327, "train_steps_per_second": 0.331, "total_flos": 119519896928256.0, "train_loss": 2.376798087945774, "_wandb": {"runtime": 1460}}