{"train/loss": 0.0004, "train/grad_norm": 0.23071686923503876, "train/learning_rate": 7.161614286876894e-11, "train/epoch": 9.988154465766407, "train/global_step": 5270, "_timestamp": 1714486372.717871, "_runtime": 11138.325847864151, "_step": 527, "train_runtime": 11139.2301, "train_samples_per_second": 3.789, "train_steps_per_second": 0.473, "total_flos": 0.0, "train_loss": 0.007042384939489134, "_wandb": {"runtime": 11138}}