{"train/loss": 1.0001, "train/grad_norm": 2.416097402572632, "train/learning_rate": 8.680096328123055e-10, "train/epoch": 3.0, "train/global_step": 3036, "_timestamp": 1712757986.5359924, "_runtime": 5077.309657335281, "_step": 334, "eval/loss": 1.078153371810913, "eval/runtime": 36.17, "eval/samples_per_second": 24.882, "eval/steps_per_second": 24.882, "train_runtime": 5041.6995, "train_samples_per_second": 4.82, "train_steps_per_second": 0.602, "total_flos": 2.0068910945324237e+17, "train_loss": 1.0621245334585037, "_wandb": {"runtime": 5076}}