{"train/loss": 2.035, "train/grad_norm": 5.856124915006327, "train/learning_rate": 1.1381058120990552e-08, "train/epoch": 3.0, "train/global_step": 957, "_timestamp": 1712675066.212645, "_runtime": 2768.783096075058, "_step": 105, "eval/loss": 2.4033634662628174, "eval/runtime": 28.3401, "eval/samples_per_second": 2.505, "eval/steps_per_second": 2.505, "train_runtime": 2738.3671, "train_samples_per_second": 0.699, "train_steps_per_second": 0.349, "total_flos": 120085448491008.0, "train_loss": 2.2998800516875932, "_wandb": {"runtime": 2768}}