{"train/loss": 0.0076, "train/grad_norm": 2.288081407546997, "train/learning_rate": 2.0099100080855914e-09, "train/epoch": 2.9955555555555557, "train/global_step": 1011, "_timestamp": 1714461717.4822958, "_runtime": 2228.767195701599, "_step": 101, "train_runtime": 2229.7193, "train_samples_per_second": 3.633, "train_steps_per_second": 0.453, "total_flos": 0.0, "train_loss": 0.02983316455246433, "_wandb": {"runtime": 2227}}