{"train/loss": 0.9917, "train/grad_norm": 2.404033660888672, "train/learning_rate": 6.645707764596498e-10, "train/epoch": 3.0, "train/global_step": 3036, "_timestamp": 1712766828.4213135, "_runtime": 5710.947178602219, "_step": 334, "eval/loss": 1.0688344240188599, "eval/runtime": 36.1423, "eval/samples_per_second": 24.902, "eval/steps_per_second": 24.902, "train_runtime": 5675.3899, "train_samples_per_second": 4.282, "train_steps_per_second": 0.535, "total_flos": 2.0068910945324237e+17, "train_loss": 1.0500174941438618, "_wandb": {"runtime": 5710}}